gain,label,ber_text,text_acc,method,ablation_idx
110.0,ss_g110,0.03333333333333333,0.9666666666666667,spread_spectrum,2
130.0,ss_g130,0.03333333333333333,0.9666666666666667,spread_spectrum,2
70.0,ss_g70,0.06666666666666667,0.9333333333333333,spread_spectrum,2
90.0,ss_g90,0.06666666666666667,0.9333333333333333,spread_spectrum,2
50.0,ss_g50,0.13333333333333333,0.8666666666666667,spread_spectrum,2
