ablation_idx,BETA,ALPHA,LEARNING_RATE,START_NOISE_EP,RS_BYTES,final_val_loss,final_val_psnr,final_val_ssim,holdout_psnr_cover,holdout_ssim_cover,holdout_text_acc,holdout_ber_text,composite_rank_score
6,3.0,3.0,0.001,20,8,0.0122748473659157,30.24501609802246,0.9526712894439696,30.220445108095806,0.9545210659239027,0.5856,0.4144,2.0
1,3.0,3.0,0.001,999,8,0.0072315246798098,30.50355339050293,0.9581804871559144,30.379131484349568,0.956618801580535,0.20253333333333334,0.7974666666666667,2.4285714285714284
2,3.0,3.0,0.001,10,16,0.0264551062136888,28.955507278442383,0.9109612107276917,29.399899761941697,0.9452373255822394,0.6026666666666667,0.3533676426879794,2.857142857142857
5,3.0,3.0,0.001,15,8,0.032185886055231,29.538087844848636,0.8948197960853577,29.95730859237247,0.9510807301799457,0.5710666666666666,0.42893333333333333,3.2857142857142856
3,3.0,3.0,0.001,10,32,0.0375599190592765,28.65464210510254,0.880446195602417,29.367662882592942,0.9440484402841992,0.5470666666666667,0.45293333333333335,4.714285714285714
4,3.0,3.0,0.001,5,8,0.0427515842020511,27.83841133117676,0.8294992446899414,28.249404992951288,0.9276370280815496,0.40386666666666665,0.5961333333333333,5.714285714285714
0,3.0,3.0,0.001,10,8,0.0829839780926704,22.865951538085938,0.6971049308776855,22.908537354575262,0.841915569126606,0.178,0.822,7.0
