ablation_idx,BETA,ALPHA,LEARNING_RATE,START_NOISE_EP,RS_BYTES,final_val_loss,final_val_psnr,final_val_ssim,holdout_psnr_cover,holdout_ssim_cover,holdout_text_acc,holdout_ber_text,composite_rank_score
6,3.0,3.0,0.001,20,8,0.0122748473659157,30.24501609802246,0.9526712894439696,30.219521982510884,0.9545244260695246,0.5876,0.4124,2.0
1,3.0,3.0,0.001,999,8,0.0072315246798098,30.50355339050293,0.9581804871559144,30.37849628745185,0.9566152028573884,0.20173333333333332,0.7982666666666667,2.4285714285714284
2,3.0,3.0,0.001,10,16,0.0264551062136888,28.955507278442383,0.9109612107276917,29.391460038397046,0.9452025274998612,0.6154666666666667,0.3465488437345248,2.857142857142857
5,3.0,3.0,0.001,15,8,0.032185886055231,29.538087844848636,0.8948197960853577,29.95443507109748,0.9510587605370415,0.5688,0.4312,3.2857142857142856
3,3.0,3.0,0.001,10,32,0.0375599190592765,28.65464210510254,0.880446195602417,29.36893685690562,0.9440529486702548,0.5453333333333333,0.45466666666666666,4.714285714285714
4,3.0,3.0,0.001,5,8,0.0427515842020511,27.83841133117676,0.8294992446899414,28.2485559252633,0.9276174190541109,0.40413333333333334,0.5958666666666667,5.714285714285714
0,3.0,3.0,0.001,10,8,0.0829839780926704,22.865951538085938,0.6971049308776855,22.909174457973904,0.8419449351032575,0.18133333333333335,0.8186666666666667,7.0
