ablation_idx,BETA,ALPHA,LEARNING_RATE,START_NOISE_EP,RS_BYTES,final_val_loss,final_val_psnr,final_val_ssim,holdout_psnr_cover,holdout_ssim_cover,holdout_text_acc,holdout_ber_text,composite_rank_score
2,3.0,3.0,0.001,10,8,0.0359049402177333,28.87031555175781,0.8881611227989197,29.527268707911173,0.9450653928054703,0.5378666666666667,0.4346890018141759,2.4285714285714284
3,3.0,3.0,0.0005,10,8,0.0245065111666917,28.978132247924805,0.8968227505683899,29.34318578889635,0.942685254395008,0.46586666666666665,0.5099635743259292,2.857142857142857
4,3.5,1.0,0.0005,5,8,0.0274770781397819,22.08259010314941,0.9299573302268982,22.543902125676475,0.846291838147574,0.5384,0.4392232306153455,3.2857142857142856
5,3.5,1.5,0.0005,5,8,0.0319189317524433,22.67621612548828,0.9241421222686768,23.09088169225057,0.8804487447705533,0.5369333333333334,0.43978989927842477,3.5714285714285716
1,5.0,1.0,0.0005,5,8,0.0331624709069728,21.11554908752441,0.9347246289253236,21.659186643070644,0.8009796597146326,0.5373333333333333,0.4352252967488165,4.0
0,3.0,3.0,0.001,25,8,0.0711218565702438,23.58966827392578,0.698448896408081,23.77065297826131,0.8598774447838465,0.12666666666666668,0.8468499722549838,4.857142857142857
